{"cameraMode":{"drawMode":0,"name":"Shaded","section":"Shading Mode"},"sceneLighting":true,"audioPlay":false,"sceneViewState":{"showFog":true,"showMaterialUpdate":false,"showSkybox":true,"showFlares":true,"showImageEffects":true,"showParticleSystems":true,"showVisualEffectGraphs":true,"m_FxEnabled":true},"in2DMode":false,"pivot":{"x":-0.6923818588256836,"y":-6.186495304107666,"z":12.329604148864746},"rotation":{"x":0.24642311036586762,"y":0.010175650008022786,"z":-0.0025891768746078016,"w":0.9691126346588135},"size":8.355329513549805,"orthographic":false}